Model,MAE,R2 Score
Feedforward Neural Network,3510.985595703125,0.7974387851832365
